nSta=50,nSta=100,nSta=200,nSta=300,nSta=400,nSta=500
0.589228,0.538432,0.519524,0.495121,0.781014,0.668706,
