nSta=50,nSta=100,nSta=200,nSta=300,nSta=400,nSta=500
0.982714,0.73515,0.996151,0.966579,0.656614,0.534782,
