nSta=50,nSta=100,nSta=200,nSta=300,nSta=400,nSta=500
1.2472,1.02885,1.18884,0.881858,0.711092,0.98829,
